mean_fit_time,std_fit_time,mean_score_time,std_score_time,param_n_estimators,param_min_samples_split,param_min_samples_leaf,param_min_impurity_decrease,param_max_features,param_max_depth,param_criterion,param_ccp_alpha,params,split0_test_score,split1_test_score,split2_test_score,split3_test_score,split4_test_score,mean_test_score,std_test_score,rank_test_score
1.292949628829956,0.020717631181590725,0.22942667007446288,0.07163670053867809,500,2,2,0.01,log2,3,gini,0.01,"{'n_estimators': 500, 'min_samples_split': 2, 'min_samples_leaf': 2, 'min_impurity_decrease': 0.01, 'max_features': 'log2', 'max_depth': 3, 'criterion': 'gini', 'ccp_alpha': 0.01}",0.5,0.75,0.3333333333333333,1.0,0.6666666666666666,0.6499999999999999,0.2260776661041756,16
0.14803676605224608,0.0073404667118587485,0.04235782623291016,0.00490900988382845,50,10,20,0.01,,5,gini,0.0,"{'n_estimators': 50, 'min_samples_split': 10, 'min_samples_leaf': 20, 'min_impurity_decrease': 0.01, 'max_features': None, 'max_depth': 5, 'criterion': 'gini', 'ccp_alpha': 0.0}",1.0,0.0,0.0,0.0,0.0,0.2,0.4000000000000001,154
0.562852430343628,0.05650895863286491,0.1131138801574707,0.024702573021375483,200,10,20,0.03,log2,,entropy,0.05,"{'n_estimators': 200, 'min_samples_split': 10, 'min_samples_leaf': 20, 'min_impurity_decrease': 0.03, 'max_features': 'log2', 'max_depth': None, 'criterion': 'entropy', 'ccp_alpha': 0.05}",1.0,0.0,0.0,0.0,0.0,0.2,0.4000000000000001,154
0.16144914627075196,0.008298608013815273,0.041512918472290036,0.004817671857180999,50,5,2,0.05,log2,,gini,0.001,"{'n_estimators': 50, 'min_samples_split': 5, 'min_samples_leaf': 2, 'min_impurity_decrease': 0.05, 'max_features': 'log2', 'max_depth': None, 'criterion': 'gini', 'ccp_alpha': 0.001}",0.5,0.75,0.3333333333333333,1.0,0.3333333333333333,0.5833333333333333,0.25819888974716115,67
0.31206669807434084,0.07735687779990036,0.07104554176330566,0.016854280539685282,100,2,10,0.03,,20,entropy,0.0,"{'n_estimators': 100, 'min_samples_split': 2, 'min_samples_leaf': 10, 'min_impurity_decrease': 0.03, 'max_features': None, 'max_depth': 20, 'criterion': 'entropy', 'ccp_alpha': 0.0}",0.75,0.0,0.0,0.6666666666666666,0.3333333333333333,0.35,0.3179797338056486,145
0.6140591144561768,0.06045523270431446,0.11016054153442383,0.008310397837832918,200,2,2,0.05,0.5,5,gini,0.01,"{'n_estimators': 200, 'min_samples_split': 2, 'min_samples_leaf': 2, 'min_impurity_decrease': 0.05, 'max_features': 0.5, 'max_depth': 5, 'criterion': 'gini', 'ccp_alpha': 0.01}",0.5,0.75,0.3333333333333333,1.0,1.0,0.7166666666666666,0.26666666666666666,1
0.5713360786437989,0.03573854814090211,0.09997305870056153,0.016667929676000632,200,5,20,0.03,sqrt,20,entropy,0.05,"{'n_estimators': 200, 'min_samples_split': 5, 'min_samples_leaf': 20, 'min_impurity_decrease': 0.03, 'max_features': 'sqrt', 'max_depth': 20, 'criterion': 'entropy', 'ccp_alpha': 0.05}",1.0,0.0,0.0,0.0,0.0,0.2,0.4000000000000001,154
0.5562341690063477,0.05628960647620134,0.09897966384887695,0.008012508305092052,200,2,10,0.01,log2,20,entropy,0.01,"{'n_estimators': 200, 'min_samples_split': 2, 'min_samples_leaf': 10, 'min_impurity_decrease': 0.01, 'max_features': 'log2', 'max_depth': 20, 'criterion': 'entropy', 'ccp_alpha': 0.01}",1.0,0.5,0.0,1.0,0.6666666666666666,0.6333333333333333,0.3711842908553348,64
1.2518311977386474,0.03360484720056811,0.18585400581359862,0.00842055667404505,500,2,20,0.01,0.5,3,gini,0.01,"{'n_estimators': 500, 'min_samples_split': 2, 'min_samples_leaf': 20, 'min_impurity_decrease': 0.01, 'max_features': 0.5, 'max_depth': 3, 'criterion': 'gini', 'ccp_alpha': 0.01}",0.0,0.0,0.0,0.0,0.0,0.0,0.0,191
0.2766414642333984,0.008671033361888696,0.06216444969177246,0.009258369559516678,100,5,2,0.05,,10,gini,0.0,"{'n_estimators': 100, 'min_samples_split': 5, 'min_samples_leaf': 2, 'min_impurity_decrease': 0.05, 'max_features': None, 'max_depth': 10, 'criterion': 'gini', 'ccp_alpha': 0.0}",0.5,0.75,0.3333333333333333,1.0,0.6666666666666666,0.6499999999999999,0.2260776661041756,16
0.31032252311706543,0.04890820652062088,0.061611366271972653,0.009346680179598731,100,2,2,0.0,,5,gini,0.0,"{'n_estimators': 100, 'min_samples_split': 2, 'min_samples_leaf': 2, 'min_impurity_decrease': 0.0, 'max_features': None, 'max_depth': 5, 'criterion': 'gini', 'ccp_alpha': 0.0}",0.5,0.75,0.3333333333333333,1.0,1.0,0.7166666666666666,0.26666666666666666,1
0.2682489395141602,0.017477451466342483,0.06317329406738281,0.010795992212666205,100,10,10,0.03,,20,gini,0.0,"{'n_estimators': 100, 'min_samples_split': 10, 'min_samples_leaf': 10, 'min_impurity_decrease': 0.03, 'max_features': None, 'max_depth': 20, 'criterion': 'gini', 'ccp_alpha': 0.0}",0.75,0.0,0.0,0.3333333333333333,0.3333333333333333,0.2833333333333333,0.27688746209726917,148
1.3588782787322997,0.20053828627274997,0.2056452751159668,0.02672177750753925,500,5,10,0.03,0.5,5,entropy,0.0,"{'n_estimators': 500, 'min_samples_split': 5, 'min_samples_leaf': 10, 'min_impurity_decrease': 0.03, 'max_features': 0.5, 'max_depth': 5, 'criterion': 'entropy', 'ccp_alpha': 0.0}",0.5,0.25,0.0,1.0,0.3333333333333333,0.4166666666666667,0.3333333333333333,134
1.4559422492980958,0.26439949014017056,0.21903414726257325,0.05118965460026424,500,5,20,0.05,,,entropy,0.05,"{'n_estimators': 500, 'min_samples_split': 5, 'min_samples_leaf': 20, 'min_impurity_decrease': 0.05, 'max_features': None, 'max_depth': None, 'criterion': 'entropy', 'ccp_alpha': 0.05}",0.0,0.0,0.0,0.0,0.0,0.0,0.0,191
0.18724346160888672,0.01510922299520842,0.05390872955322266,0.014540443244252532,50,2,2,0.03,0.5,10,gini,0.01,"{'n_estimators': 50, 'min_samples_split': 2, 'min_samples_leaf': 2, 'min_impurity_decrease': 0.03, 'max_features': 0.5, 'max_depth': 10, 'criterion': 'gini', 'ccp_alpha': 0.01}",0.5,0.75,0.3333333333333333,1.0,1.0,0.7166666666666666,0.26666666666666666,1
0.28272342681884766,0.005959886881499026,0.059073448181152344,0.008192433483724173,100,5,20,0.05,log2,3,entropy,0.01,"{'n_estimators': 100, 'min_samples_split': 5, 'min_samples_leaf': 20, 'min_impurity_decrease': 0.05, 'max_features': 'log2', 'max_depth': 3, 'criterion': 'entropy', 'ccp_alpha': 0.01}",1.0,0.0,0.0,0.0,0.0,0.2,0.4000000000000001,154
0.29192452430725097,0.01502083830437932,0.053977346420288085,0.006283980723701585,100,2,20,0.01,sqrt,10,entropy,0.02,"{'n_estimators': 100, 'min_samples_split': 2, 'min_samples_leaf': 20, 'min_impurity_decrease': 0.01, 'max_features': 'sqrt', 'max_depth': 10, 'criterion': 'entropy', 'ccp_alpha': 0.02}",1.0,0.0,0.0,0.0,0.0,0.2,0.4000000000000001,154
0.14790787696838378,0.008008151643303938,0.04406518936157226,0.005876157975094442,50,2,5,0.01,sqrt,20,entropy,0.0,"{'n_estimators': 50, 'min_samples_split': 2, 'min_samples_leaf': 5, 'min_impurity_decrease': 0.01, 'max_features': 'sqrt', 'max_depth': 20, 'criterion': 'entropy', 'ccp_alpha': 0.0}",0.5,0.75,0.0,1.0,0.3333333333333333,0.5166666666666667,0.34318767136623335,118
0.16228504180908204,0.010542462202179095,0.07607693672180176,0.06690698254895894,50,2,10,0.0,0.5,3,entropy,0.02,"{'n_estimators': 50, 'min_samples_split': 2, 'min_samples_leaf': 10, 'min_impurity_decrease': 0.0, 'max_features': 0.5, 'max_depth': 3, 'criterion': 'entropy', 'ccp_alpha': 0.02}",1.0,0.0,0.0,0.0,0.6666666666666666,0.3333333333333333,0.42163702135578396,146
0.5713724613189697,0.07397878132789903,0.09584555625915528,0.004212742213489474,200,2,10,0.03,sqrt,20,gini,0.02,"{'n_estimators': 200, 'min_samples_split': 2, 'min_samples_leaf': 10, 'min_impurity_decrease': 0.03, 'max_features': 'sqrt', 'max_depth': 20, 'criterion': 'gini', 'ccp_alpha': 0.02}",1.0,0.25,0.0,1.0,0.3333333333333333,0.5166666666666667,0.4096068575814836,118
0.5696702003479004,0.0386706790526682,0.09743447303771972,0.004067040820319009,200,5,10,0.03,log2,,gini,0.01,"{'n_estimators': 200, 'min_samples_split': 5, 'min_samples_leaf': 10, 'min_impurity_decrease': 0.03, 'max_features': 'log2', 'max_depth': None, 'criterion': 'gini', 'ccp_alpha': 0.01}",1.0,0.5,0.0,1.0,0.6666666666666666,0.6333333333333333,0.3711842908553348,64
1.369786834716797,0.2640859684364427,0.19478206634521483,0.01992181969009076,500,10,20,0.05,0.5,20,gini,0.01,"{'n_estimators': 500, 'min_samples_split': 10, 'min_samples_leaf': 20, 'min_impurity_decrease': 0.05, 'max_features': 0.5, 'max_depth': 20, 'criterion': 'gini', 'ccp_alpha': 0.01}",0.0,0.0,0.0,0.0,0.0,0.0,0.0,191
1.1900854587554932,0.041398711696549725,0.18346800804138183,0.0028262283927564516,500,10,2,0.01,log2,20,gini,0.0,"{'n_estimators': 500, 'min_samples_split': 10, 'min_samples_leaf': 2, 'min_impurity_decrease': 0.01, 'max_features': 'log2', 'max_depth': 20, 'criterion': 'gini', 'ccp_alpha': 0.0}",0.5,0.75,0.3333333333333333,1.0,0.3333333333333333,0.5833333333333333,0.25819888974716115,67
0.27428445816040037,0.022126230581980367,0.07436857223510743,0.03129106471492057,100,10,20,0.05,,3,gini,0.0,"{'n_estimators': 100, 'min_samples_split': 10, 'min_samples_leaf': 20, 'min_impurity_decrease': 0.05, 'max_features': None, 'max_depth': 3, 'criterion': 'gini', 'ccp_alpha': 0.0}",1.0,0.0,0.0,0.0,0.0,0.2,0.4000000000000001,154
0.5396833419799805,0.0140571931178001,0.10011839866638184,0.006359714080908424,200,2,5,0.03,0.5,,gini,0.01,"{'n_estimators': 200, 'min_samples_split': 2, 'min_samples_leaf': 5, 'min_impurity_decrease': 0.03, 'max_features': 0.5, 'max_depth': None, 'criterion': 'gini', 'ccp_alpha': 0.01}",0.5,0.75,0.3333333333333333,1.0,0.6666666666666666,0.6499999999999999,0.2260776661041756,16
0.3062622547149658,0.012499056384003147,0.05734639167785645,0.003969961884175298,100,2,5,0.01,log2,5,entropy,0.05,"{'n_estimators': 100, 'min_samples_split': 2, 'min_samples_leaf': 5, 'min_impurity_decrease': 0.01, 'max_features': 'log2', 'max_depth': 5, 'criterion': 'entropy', 'ccp_alpha': 0.05}",0.5,0.75,0.3333333333333333,1.0,0.3333333333333333,0.5833333333333333,0.25819888974716115,67
1.4317567825317383,0.2335290039815357,0.21253619194030762,0.031223083180188047,500,2,10,0.05,sqrt,10,gini,0.0,"{'n_estimators': 500, 'min_samples_split': 2, 'min_samples_leaf': 10, 'min_impurity_decrease': 0.05, 'max_features': 'sqrt', 'max_depth': 10, 'criterion': 'gini', 'ccp_alpha': 0.0}",0.5,0.25,0.0,1.0,0.3333333333333333,0.4166666666666667,0.3333333333333333,134
1.264230728149414,0.04465753181187521,0.1976644515991211,0.008027844854824611,500,5,5,0.03,log2,5,gini,0.0,"{'n_estimators': 500, 'min_samples_split': 5, 'min_samples_leaf': 5, 'min_impurity_decrease': 0.03, 'max_features': 'log2', 'max_depth': 5, 'criterion': 'gini', 'ccp_alpha': 0.0}",0.5,0.75,0.3333333333333333,1.0,0.3333333333333333,0.5833333333333333,0.25819888974716115,67
1.319620704650879,0.08391541852164575,0.186494779586792,0.012311542833452887,500,2,5,0.01,,5,gini,0.05,"{'n_estimators': 500, 'min_samples_split': 2, 'min_samples_leaf': 5, 'min_impurity_decrease': 0.01, 'max_features': None, 'max_depth': 5, 'criterion': 'gini', 'ccp_alpha': 0.05}",0.5,0.75,0.3333333333333333,1.0,0.6666666666666666,0.6499999999999999,0.2260776661041756,16
0.7110805034637451,0.09882528380662621,0.1443511962890625,0.03908780988885934,200,5,5,0.01,0.5,,gini,0.001,"{'n_estimators': 200, 'min_samples_split': 5, 'min_samples_leaf': 5, 'min_impurity_decrease': 0.01, 'max_features': 0.5, 'max_depth': None, 'criterion': 'gini', 'ccp_alpha': 0.001}",0.5,0.75,0.3333333333333333,1.0,1.0,0.7166666666666666,0.26666666666666666,1
0.1843541145324707,0.027101825711863318,0.05620121955871582,0.021799860622427104,50,5,2,0.03,log2,,gini,0.0,"{'n_estimators': 50, 'min_samples_split': 5, 'min_samples_leaf': 2, 'min_impurity_decrease': 0.03, 'max_features': 'log2', 'max_depth': None, 'criterion': 'gini', 'ccp_alpha': 0.0}",0.5,0.75,0.3333333333333333,1.0,0.3333333333333333,0.5833333333333333,0.25819888974716115,67
0.7365254402160645,0.19315651007191034,0.14166622161865233,0.06803730919555664,200,2,2,0.01,,3,entropy,0.0,"{'n_estimators': 200, 'min_samples_split': 2, 'min_samples_leaf': 2, 'min_impurity_decrease': 0.01, 'max_features': None, 'max_depth': 3, 'criterion': 'entropy', 'ccp_alpha': 0.0}",0.5,0.75,0.3333333333333333,1.0,0.6666666666666666,0.6499999999999999,0.2260776661041756,16
0.19583463668823242,0.03369359086183357,0.0470008373260498,0.004618068085942811,50,10,5,0.0,,3,gini,0.05,"{'n_estimators': 50, 'min_samples_split': 10, 'min_samples_leaf': 5, 'min_impurity_decrease': 0.0, 'max_features': None, 'max_depth': 3, 'criterion': 'gini', 'ccp_alpha': 0.05}",0.5,0.75,0.3333333333333333,1.0,0.6666666666666666,0.6499999999999999,0.2260776661041756,16
0.6617780208587647,0.12874304212005525,0.11330180168151856,0.011769082157156958,200,5,2,0.03,0.5,20,entropy,0.001,"{'n_estimators': 200, 'min_samples_split': 5, 'min_samples_leaf': 2, 'min_impurity_decrease': 0.03, 'max_features': 0.5, 'max_depth': 20, 'criterion': 'entropy', 'ccp_alpha': 0.001}",0.5,0.75,0.3333333333333333,1.0,1.0,0.7166666666666666,0.26666666666666666,1
0.3575718402862549,0.06678487383573023,0.08382587432861328,0.0340572008308223,100,10,10,0.01,sqrt,20,entropy,0.01,"{'n_estimators': 100, 'min_samples_split': 10, 'min_samples_leaf': 10, 'min_impurity_decrease': 0.01, 'max_features': 'sqrt', 'max_depth': 20, 'criterion': 'entropy', 'ccp_alpha': 0.01}",1.0,0.0,0.0,0.0,0.3333333333333333,0.26666666666666666,0.38873012632302006,151
1.4596068382263183,0.1457700588358103,0.2298128604888916,0.05294593298457672,500,5,5,0.01,0.5,20,gini,0.001,"{'n_estimators': 500, 'min_samples_split': 5, 'min_samples_leaf': 5, 'min_impurity_decrease': 0.01, 'max_features': 0.5, 'max_depth': 20, 'criterion': 'gini', 'ccp_alpha': 0.001}",0.5,0.75,0.3333333333333333,1.0,0.6666666666666666,0.6499999999999999,0.2260776661041756,16
0.2676095485687256,0.2105374065477636,0.04768590927124024,0.00649924255396814,50,10,2,0.05,sqrt,5,gini,0.001,"{'n_estimators': 50, 'min_samples_split': 10, 'min_samples_leaf': 2, 'min_impurity_decrease': 0.05, 'max_features': 'sqrt', 'max_depth': 5, 'criterion': 'gini', 'ccp_alpha': 0.001}",0.5,0.75,0.3333333333333333,1.0,0.3333333333333333,0.5833333333333333,0.25819888974716115,67
0.2990302562713623,0.024527479909964078,0.06934523582458496,0.009569901139282641,100,10,10,0.05,0.5,3,gini,0.001,"{'n_estimators': 100, 'min_samples_split': 10, 'min_samples_leaf': 10, 'min_impurity_decrease': 0.05, 'max_features': 0.5, 'max_depth': 3, 'criterion': 'gini', 'ccp_alpha': 0.001}",0.75,0.0,0.0,0.3333333333333333,0.3333333333333333,0.2833333333333333,0.27688746209726917,148
0.17126679420471191,0.012059646885563687,0.04339585304260254,0.0026211976509478685,50,2,10,0.01,sqrt,,gini,0.001,"{'n_estimators': 50, 'min_samples_split': 2, 'min_samples_leaf': 10, 'min_impurity_decrease': 0.01, 'max_features': 'sqrt', 'max_depth': None, 'criterion': 'gini', 'ccp_alpha': 0.001}",1.0,0.0,0.0,0.0,1.0,0.4,0.48989794855663565,140
0.4178980827331543,0.18292435301849247,0.09344611167907715,0.03191698907411518,100,5,20,0.01,,5,gini,0.02,"{'n_estimators': 100, 'min_samples_split': 5, 'min_samples_leaf': 20, 'min_impurity_decrease': 0.01, 'max_features': None, 'max_depth': 5, 'criterion': 'gini', 'ccp_alpha': 0.02}",1.0,0.0,0.0,0.0,0.0,0.2,0.4000000000000001,154
0.21185698509216308,0.06932962478570762,0.05632286071777344,0.02176342696429589,50,10,5,0.03,sqrt,20,gini,0.0,"{'n_estimators': 50, 'min_samples_split': 10, 'min_samples_leaf': 5, 'min_impurity_decrease': 0.03, 'max_features': 'sqrt', 'max_depth': 20, 'criterion': 'gini', 'ccp_alpha': 0.0}",0.5,0.75,0.0,1.0,0.3333333333333333,0.5166666666666667,0.34318767136623335,118
1.565136480331421,0.18340468006749683,0.26966066360473634,0.07610208355835954,500,10,2,0.01,log2,3,gini,0.02,"{'n_estimators': 500, 'min_samples_split': 10, 'min_samples_leaf': 2, 'min_impurity_decrease': 0.01, 'max_features': 'log2', 'max_depth': 3, 'criterion': 'gini', 'ccp_alpha': 0.02}",0.5,0.75,0.3333333333333333,1.0,0.3333333333333333,0.5833333333333333,0.25819888974716115,67
1.4487512111663818,0.24945416109354973,0.2856490135192871,0.20081682190366662,500,10,5,0.01,sqrt,10,gini,0.01,"{'n_estimators': 500, 'min_samples_split': 10, 'min_samples_leaf': 5, 'min_impurity_decrease': 0.01, 'max_features': 'sqrt', 'max_depth': 10, 'criterion': 'gini', 'ccp_alpha': 0.01}",0.5,0.75,0.3333333333333333,1.0,0.6666666666666666,0.6499999999999999,0.2260776661041756,16
0.5441877365112304,0.22984817252282175,0.10743064880371093,0.029633462706898,100,10,20,0.03,0.5,20,entropy,0.001,"{'n_estimators': 100, 'min_samples_split': 10, 'min_samples_leaf': 20, 'min_impurity_decrease': 0.03, 'max_features': 0.5, 'max_depth': 20, 'criterion': 'entropy', 'ccp_alpha': 0.001}",1.0,0.0,0.0,0.0,0.0,0.2,0.4000000000000001,154
0.18795104026794435,0.010326441418149692,0.051483869552612305,0.011580177635091126,50,5,5,0.0,0.5,5,entropy,0.05,"{'n_estimators': 50, 'min_samples_split': 5, 'min_samples_leaf': 5, 'min_impurity_decrease': 0.0, 'max_features': 0.5, 'max_depth': 5, 'criterion': 'entropy', 'ccp_alpha': 0.05}",0.5,0.75,0.3333333333333333,1.0,0.6666666666666666,0.6499999999999999,0.2260776661041756,16
1.4090867519378663,0.10424100577741605,0.2276933193206787,0.03343660202940608,500,10,10,0.0,log2,,gini,0.02,"{'n_estimators': 500, 'min_samples_split': 10, 'min_samples_leaf': 10, 'min_impurity_decrease': 0.0, 'max_features': 'log2', 'max_depth': None, 'criterion': 'gini', 'ccp_alpha': 0.02}",0.5,0.5,0.0,1.0,0.3333333333333333,0.4666666666666667,0.3231786571610886,126
0.324525260925293,0.04764357478803821,0.08214378356933594,0.025921149041796647,100,2,2,0.01,,10,gini,0.0,"{'n_estimators': 100, 'min_samples_split': 2, 'min_samples_leaf': 2, 'min_impurity_decrease': 0.01, 'max_features': None, 'max_depth': 10, 'criterion': 'gini', 'ccp_alpha': 0.0}",0.5,0.75,0.3333333333333333,1.0,1.0,0.7166666666666666,0.26666666666666666,1
1.3411487102508546,0.02669467172186679,0.2147702693939209,0.02107034543558296,500,5,2,0.03,,3,entropy,0.0,"{'n_estimators': 500, 'min_samples_split': 5, 'min_samples_leaf': 2, 'min_impurity_decrease': 0.03, 'max_features': None, 'max_depth': 3, 'criterion': 'entropy', 'ccp_alpha': 0.0}",0.5,0.75,0.3333333333333333,1.0,1.0,0.7166666666666666,0.26666666666666666,1
1.5374955177307128,0.3056617099845769,0.25019173622131347,0.06899855531445022,500,10,10,0.03,,5,gini,0.02,"{'n_estimators': 500, 'min_samples_split': 10, 'min_samples_leaf': 10, 'min_impurity_decrease': 0.03, 'max_features': None, 'max_depth': 5, 'criterion': 'gini', 'ccp_alpha': 0.02}",0.5,0.5,0.0,1.0,0.6666666666666666,0.5333333333333333,0.3231786571610886,113
0.404622745513916,0.030637829507330176,0.08911175727844238,0.023427090815223345,100,5,5,0.01,sqrt,3,entropy,0.01,"{'n_estimators': 100, 'min_samples_split': 5, 'min_samples_leaf': 5, 'min_impurity_decrease': 0.01, 'max_features': 'sqrt', 'max_depth': 3, 'criterion': 'entropy', 'ccp_alpha': 0.01}",0.5,0.75,0.3333333333333333,1.0,0.3333333333333333,0.5833333333333333,0.25819888974716115,67
0.3270057201385498,0.05050401952232457,0.06510753631591797,0.019853588808669453,100,2,5,0.01,sqrt,5,gini,0.0,"{'n_estimators': 100, 'min_samples_split': 2, 'min_samples_leaf': 5, 'min_impurity_decrease': 0.01, 'max_features': 'sqrt', 'max_depth': 5, 'criterion': 'gini', 'ccp_alpha': 0.0}",0.5,0.75,0.3333333333333333,1.0,0.3333333333333333,0.5833333333333333,0.25819888974716115,67
0.35801281929016116,0.09823783556121109,0.06587276458740235,0.01089091767625781,100,2,20,0.03,,3,entropy,0.001,"{'n_estimators': 100, 'min_samples_split': 2, 'min_samples_leaf': 20, 'min_impurity_decrease': 0.03, 'max_features': None, 'max_depth': 3, 'criterion': 'entropy', 'ccp_alpha': 0.001}",1.0,0.0,0.0,0.0,0.0,0.2,0.4000000000000001,154
0.45170011520385744,0.26058769074756255,0.06494531631469727,0.009470523137111223,100,2,10,0.05,sqrt,10,entropy,0.001,"{'n_estimators': 100, 'min_samples_split': 2, 'min_samples_leaf': 10, 'min_impurity_decrease': 0.05, 'max_features': 'sqrt', 'max_depth': 10, 'criterion': 'entropy', 'ccp_alpha': 0.001}",1.0,0.0,0.0,0.0,0.3333333333333333,0.26666666666666666,0.38873012632302006,151
0.19695358276367186,0.054686239607385424,0.04941859245300293,0.009270232138085376,50,10,20,0.01,log2,10,gini,0.001,"{'n_estimators': 50, 'min_samples_split': 10, 'min_samples_leaf': 20, 'min_impurity_decrease': 0.01, 'max_features': 'log2', 'max_depth': 10, 'criterion': 'gini', 'ccp_alpha': 0.001}",1.0,0.0,0.0,0.0,0.0,0.2,0.4000000000000001,154
0.31396007537841797,0.029488245163300526,0.08669276237487793,0.049732613604267714,100,10,2,0.05,0.5,20,entropy,0.0,"{'n_estimators': 100, 'min_samples_split': 10, 'min_samples_leaf': 2, 'min_impurity_decrease': 0.05, 'max_features': 0.5, 'max_depth': 20, 'criterion': 'entropy', 'ccp_alpha': 0.0}",0.5,0.75,0.3333333333333333,1.0,0.3333333333333333,0.5833333333333333,0.25819888974716115,67
1.4895803451538085,0.39212177927343417,0.2446524143218994,0.07209769323993008,500,10,2,0.03,sqrt,10,entropy,0.0,"{'n_estimators': 500, 'min_samples_split': 10, 'min_samples_leaf': 2, 'min_impurity_decrease': 0.03, 'max_features': 'sqrt', 'max_depth': 10, 'criterion': 'entropy', 'ccp_alpha': 0.0}",0.5,0.75,0.3333333333333333,1.0,0.3333333333333333,0.5833333333333333,0.25819888974716115,67
0.322339391708374,0.03802349388843181,0.06782689094543456,0.02633935259108418,100,5,5,0.05,,3,gini,0.0,"{'n_estimators': 100, 'min_samples_split': 5, 'min_samples_leaf': 5, 'min_impurity_decrease': 0.05, 'max_features': None, 'max_depth': 3, 'criterion': 'gini', 'ccp_alpha': 0.0}",0.5,0.75,0.3333333333333333,1.0,0.6666666666666666,0.6499999999999999,0.2260776661041756,16
0.2945712566375732,0.018122883982129006,0.06931099891662598,0.014976626976122958,100,10,2,0.0,sqrt,20,entropy,0.05,"{'n_estimators': 100, 'min_samples_split': 10, 'min_samples_leaf': 2, 'min_impurity_decrease': 0.0, 'max_features': 'sqrt', 'max_depth': 20, 'criterion': 'entropy', 'ccp_alpha': 0.05}",0.5,0.75,0.3333333333333333,1.0,0.3333333333333333,0.5833333333333333,0.25819888974716115,67
0.29547343254089353,0.009608189463702514,0.06771154403686523,0.014742420886460324,100,2,5,0.01,log2,,gini,0.02,"{'n_estimators': 100, 'min_samples_split': 2, 'min_samples_leaf': 5, 'min_impurity_decrease': 0.01, 'max_features': 'log2', 'max_depth': None, 'criterion': 'gini', 'ccp_alpha': 0.02}",0.5,0.75,0.3333333333333333,1.0,0.3333333333333333,0.5833333333333333,0.25819888974716115,67
1.6567738056182861,0.21919378917906546,0.2008913516998291,0.02061297377930081,500,5,5,0.05,0.5,20,gini,0.05,"{'n_estimators': 500, 'min_samples_split': 5, 'min_samples_leaf': 5, 'min_impurity_decrease': 0.05, 'max_features': 0.5, 'max_depth': 20, 'criterion': 'gini', 'ccp_alpha': 0.05}",0.5,0.75,0.3333333333333333,1.0,0.6666666666666666,0.6499999999999999,0.2260776661041756,16
0.5670669555664063,0.026650795324217193,0.18776912689208985,0.1403492855493619,200,2,5,0.05,sqrt,10,gini,0.05,"{'n_estimators': 200, 'min_samples_split': 2, 'min_samples_leaf': 5, 'min_impurity_decrease': 0.05, 'max_features': 'sqrt', 'max_depth': 10, 'criterion': 'gini', 'ccp_alpha': 0.05}",0.5,0.75,0.3333333333333333,1.0,0.3333333333333333,0.5833333333333333,0.25819888974716115,67
0.6708404064178467,0.1718731524577198,0.11563153266906738,0.03284108094745376,200,2,5,0.0,,3,entropy,0.001,"{'n_estimators': 200, 'min_samples_split': 2, 'min_samples_leaf': 5, 'min_impurity_decrease': 0.0, 'max_features': None, 'max_depth': 3, 'criterion': 'entropy', 'ccp_alpha': 0.001}",0.5,0.75,0.3333333333333333,1.0,0.6666666666666666,0.6499999999999999,0.2260776661041756,16
1.6220806121826172,0.37416529528535686,0.21282353401184081,0.005936392673573867,500,2,20,0.03,0.5,10,entropy,0.02,"{'n_estimators': 500, 'min_samples_split': 2, 'min_samples_leaf': 20, 'min_impurity_decrease': 0.03, 'max_features': 0.5, 'max_depth': 10, 'criterion': 'entropy', 'ccp_alpha': 0.02}",0.0,0.0,0.0,0.0,0.0,0.0,0.0,191
1.4648068428039551,0.13888793351115442,0.2089792251586914,0.011473855104355309,500,2,10,0.03,log2,20,gini,0.02,"{'n_estimators': 500, 'min_samples_split': 2, 'min_samples_leaf': 10, 'min_impurity_decrease': 0.03, 'max_features': 'log2', 'max_depth': 20, 'criterion': 'gini', 'ccp_alpha': 0.02}",0.5,0.5,0.0,1.0,0.3333333333333333,0.4666666666666667,0.3231786571610886,126
0.1704339027404785,0.020793099072026776,0.09564552307128907,0.08886285739014049,50,10,2,0.01,sqrt,5,gini,0.0,"{'n_estimators': 50, 'min_samples_split': 10, 'min_samples_leaf': 2, 'min_impurity_decrease': 0.01, 'max_features': 'sqrt', 'max_depth': 5, 'criterion': 'gini', 'ccp_alpha': 0.0}",0.5,0.75,0.3333333333333333,1.0,0.3333333333333333,0.5833333333333333,0.25819888974716115,67
0.33011317253112793,0.052262327750488995,0.06088666915893555,0.004415500978657738,100,2,5,0.01,log2,5,gini,0.02,"{'n_estimators': 100, 'min_samples_split': 2, 'min_samples_leaf': 5, 'min_impurity_decrease': 0.01, 'max_features': 'log2', 'max_depth': 5, 'criterion': 'gini', 'ccp_alpha': 0.02}",0.5,0.75,0.3333333333333333,1.0,0.3333333333333333,0.5833333333333333,0.25819888974716115,67
0.17052254676818848,0.0150753749861856,0.04683356285095215,0.008575656337048685,50,2,20,0.01,log2,5,gini,0.02,"{'n_estimators': 50, 'min_samples_split': 2, 'min_samples_leaf': 20, 'min_impurity_decrease': 0.01, 'max_features': 'log2', 'max_depth': 5, 'criterion': 'gini', 'ccp_alpha': 0.02}",1.0,0.0,0.0,0.0,0.0,0.2,0.4000000000000001,154
1.564293336868286,0.2264388232327184,0.30826826095581056,0.07659134475504464,500,2,5,0.0,sqrt,3,gini,0.02,"{'n_estimators': 500, 'min_samples_split': 2, 'min_samples_leaf': 5, 'min_impurity_decrease': 0.0, 'max_features': 'sqrt', 'max_depth': 3, 'criterion': 'gini', 'ccp_alpha': 0.02}",0.5,0.75,0.3333333333333333,1.0,0.6666666666666666,0.6499999999999999,0.2260776661041756,16
0.22680888175964356,0.05670400034927803,0.05511941909790039,0.009631759772427032,50,2,5,0.03,log2,5,gini,0.02,"{'n_estimators': 50, 'min_samples_split': 2, 'min_samples_leaf': 5, 'min_impurity_decrease': 0.03, 'max_features': 'log2', 'max_depth': 5, 'criterion': 'gini', 'ccp_alpha': 0.02}",0.5,0.75,0.3333333333333333,1.0,0.3333333333333333,0.5833333333333333,0.25819888974716115,67
0.293622350692749,0.007827765793186071,0.057381820678710935,0.00535127200823709,100,10,10,0.01,,5,gini,0.001,"{'n_estimators': 100, 'min_samples_split': 10, 'min_samples_leaf': 10, 'min_impurity_decrease': 0.01, 'max_features': None, 'max_depth': 5, 'criterion': 'gini', 'ccp_alpha': 0.001}",0.75,0.0,0.0,0.3333333333333333,0.3333333333333333,0.2833333333333333,0.27688746209726917,148
0.5146164417266845,0.009564359260501656,0.1017636775970459,0.01314368049608572,200,5,10,0.05,sqrt,10,gini,0.01,"{'n_estimators': 200, 'min_samples_split': 5, 'min_samples_leaf': 10, 'min_impurity_decrease': 0.05, 'max_features': 'sqrt', 'max_depth': 10, 'criterion': 'gini', 'ccp_alpha': 0.01}",1.0,0.25,0.0,1.0,0.3333333333333333,0.5166666666666667,0.4096068575814836,118
0.24423108100891114,0.17743140621786643,0.04384298324584961,0.00586947900281119,50,5,2,0.01,,10,gini,0.001,"{'n_estimators': 50, 'min_samples_split': 5, 'min_samples_leaf': 2, 'min_impurity_decrease': 0.01, 'max_features': None, 'max_depth': 10, 'criterion': 'gini', 'ccp_alpha': 0.001}",0.5,0.75,0.3333333333333333,1.0,0.6666666666666666,0.6499999999999999,0.2260776661041756,16
1.3153585910797119,0.07391844679159551,0.20625109672546388,0.011294906058164517,500,5,2,0.05,log2,10,entropy,0.01,"{'n_estimators': 500, 'min_samples_split': 5, 'min_samples_leaf': 2, 'min_impurity_decrease': 0.05, 'max_features': 'log2', 'max_depth': 10, 'criterion': 'entropy', 'ccp_alpha': 0.01}",0.5,0.75,0.3333333333333333,1.0,0.3333333333333333,0.5833333333333333,0.25819888974716115,67
0.3480189323425293,0.10734891689958936,0.07331995964050293,0.01779775740349458,100,5,20,0.01,0.5,3,entropy,0.001,"{'n_estimators': 100, 'min_samples_split': 5, 'min_samples_leaf': 20, 'min_impurity_decrease': 0.01, 'max_features': 0.5, 'max_depth': 3, 'criterion': 'entropy', 'ccp_alpha': 0.001}",1.0,0.0,0.0,0.0,0.0,0.2,0.4000000000000001,154
1.2877588748931885,0.02851765751707564,0.19283876419067383,0.015443041301322917,500,2,10,0.03,log2,10,entropy,0.01,"{'n_estimators': 500, 'min_samples_split': 2, 'min_samples_leaf': 10, 'min_impurity_decrease': 0.03, 'max_features': 'log2', 'max_depth': 10, 'criterion': 'entropy', 'ccp_alpha': 0.01}",0.5,0.5,0.0,1.0,0.3333333333333333,0.4666666666666667,0.3231786571610886,126
1.2768781661987305,0.06984210463166493,0.18549957275390624,0.017690775415003804,500,2,10,0.03,,5,gini,0.001,"{'n_estimators': 500, 'min_samples_split': 2, 'min_samples_leaf': 10, 'min_impurity_decrease': 0.03, 'max_features': None, 'max_depth': 5, 'criterion': 'gini', 'ccp_alpha': 0.001}",0.5,0.5,0.0,1.0,0.6666666666666666,0.5333333333333333,0.3231786571610886,113
0.19356307983398438,0.05531677311444395,0.04478211402893066,0.009622296060639282,50,5,10,0.0,log2,,entropy,0.05,"{'n_estimators': 50, 'min_samples_split': 5, 'min_samples_leaf': 10, 'min_impurity_decrease': 0.0, 'max_features': 'log2', 'max_depth': None, 'criterion': 'entropy', 'ccp_alpha': 0.05}",1.0,0.0,0.0,0.0,1.0,0.4,0.48989794855663565,140
0.15088138580322266,0.011793378643809221,0.042707204818725586,0.002721529180249735,50,2,10,0.01,sqrt,20,gini,0.0,"{'n_estimators': 50, 'min_samples_split': 2, 'min_samples_leaf': 10, 'min_impurity_decrease': 0.01, 'max_features': 'sqrt', 'max_depth': 20, 'criterion': 'gini', 'ccp_alpha': 0.0}",1.0,0.0,0.0,0.0,1.0,0.4,0.48989794855663565,140
1.287170648574829,0.19088358789078444,0.19647617340087892,0.009615356292807572,500,10,2,0.03,log2,10,gini,0.0,"{'n_estimators': 500, 'min_samples_split': 10, 'min_samples_leaf': 2, 'min_impurity_decrease': 0.03, 'max_features': 'log2', 'max_depth': 10, 'criterion': 'gini', 'ccp_alpha': 0.0}",0.5,0.75,0.3333333333333333,1.0,0.3333333333333333,0.5833333333333333,0.25819888974716115,67
1.3013972759246826,0.09511978571214512,0.21946053504943847,0.04422309559204548,500,5,2,0.0,log2,20,gini,0.0,"{'n_estimators': 500, 'min_samples_split': 5, 'min_samples_leaf': 2, 'min_impurity_decrease': 0.0, 'max_features': 'log2', 'max_depth': 20, 'criterion': 'gini', 'ccp_alpha': 0.0}",0.5,0.75,0.3333333333333333,1.0,0.6666666666666666,0.6499999999999999,0.2260776661041756,16
0.4756134510040283,0.00987681446462153,0.09591164588928222,0.0100142996059666,200,2,10,0.01,0.5,5,entropy,0.0,"{'n_estimators': 200, 'min_samples_split': 2, 'min_samples_leaf': 10, 'min_impurity_decrease': 0.01, 'max_features': 0.5, 'max_depth': 5, 'criterion': 'entropy', 'ccp_alpha': 0.0}",1.0,0.5,0.0,1.0,0.3333333333333333,0.5666666666666667,0.38873012632302,110
0.5846802234649658,0.12000306147014467,0.09324798583984376,0.00821766841670087,200,5,5,0.03,log2,20,entropy,0.01,"{'n_estimators': 200, 'min_samples_split': 5, 'min_samples_leaf': 5, 'min_impurity_decrease': 0.03, 'max_features': 'log2', 'max_depth': 20, 'criterion': 'entropy', 'ccp_alpha': 0.01}",0.5,0.75,0.3333333333333333,1.0,0.3333333333333333,0.5833333333333333,0.25819888974716115,67
1.3734300136566162,0.24315151307827268,0.1874772071838379,0.009806712154288562,500,2,20,0.03,,20,gini,0.05,"{'n_estimators': 500, 'min_samples_split': 2, 'min_samples_leaf': 20, 'min_impurity_decrease': 0.03, 'max_features': None, 'max_depth': 20, 'criterion': 'gini', 'ccp_alpha': 0.05}",0.0,0.0,0.0,0.0,0.0,0.0,0.0,191
0.6054696559906005,0.07454290044819088,0.10907444953918458,0.0353247225655887,200,5,5,0.05,,20,entropy,0.001,"{'n_estimators': 200, 'min_samples_split': 5, 'min_samples_leaf': 5, 'min_impurity_decrease': 0.05, 'max_features': None, 'max_depth': 20, 'criterion': 'entropy', 'ccp_alpha': 0.001}",0.5,0.75,0.3333333333333333,1.0,0.6666666666666666,0.6499999999999999,0.2260776661041756,16
0.5444499969482421,0.03853950275560077,0.0990373134613037,0.008831803525609631,200,5,20,0.05,sqrt,5,entropy,0.001,"{'n_estimators': 200, 'min_samples_split': 5, 'min_samples_leaf': 20, 'min_impurity_decrease': 0.05, 'max_features': 'sqrt', 'max_depth': 5, 'criterion': 'entropy', 'ccp_alpha': 0.001}",1.0,0.0,0.0,0.0,0.0,0.2,0.4000000000000001,154
0.2830639362335205,0.015594338936592362,0.05679817199707031,0.004805541536206722,100,10,2,0.03,log2,,gini,0.0,"{'n_estimators': 100, 'min_samples_split': 10, 'min_samples_leaf': 2, 'min_impurity_decrease': 0.03, 'max_features': 'log2', 'max_depth': None, 'criterion': 'gini', 'ccp_alpha': 0.0}",0.5,0.75,0.3333333333333333,1.0,0.3333333333333333,0.5833333333333333,0.25819888974716115,67
0.5169387817382812,0.010313600036637628,0.0891495704650879,0.006317548571164401,200,10,5,0.05,0.5,,gini,0.02,"{'n_estimators': 200, 'min_samples_split': 10, 'min_samples_leaf': 5, 'min_impurity_decrease': 0.05, 'max_features': 0.5, 'max_depth': None, 'criterion': 'gini', 'ccp_alpha': 0.02}",0.5,0.75,0.3333333333333333,1.0,0.6666666666666666,0.6499999999999999,0.2260776661041756,16
0.618089246749878,0.06773624022172874,0.13435139656066894,0.07323201711125067,200,5,2,0.0,log2,,entropy,0.01,"{'n_estimators': 200, 'min_samples_split': 5, 'min_samples_leaf': 2, 'min_impurity_decrease': 0.0, 'max_features': 'log2', 'max_depth': None, 'criterion': 'entropy', 'ccp_alpha': 0.01}",0.5,0.75,0.3333333333333333,1.0,0.3333333333333333,0.5833333333333333,0.25819888974716115,67
0.1574397087097168,0.0038522367836554424,0.03768124580383301,0.0014493418053551014,50,5,20,0.03,0.5,3,gini,0.001,"{'n_estimators': 50, 'min_samples_split': 5, 'min_samples_leaf': 20, 'min_impurity_decrease': 0.03, 'max_features': 0.5, 'max_depth': 3, 'criterion': 'gini', 'ccp_alpha': 0.001}",1.0,0.0,0.0,0.0,0.0,0.2,0.4000000000000001,154
1.3368563652038574,0.08405236211464504,0.18400201797485352,0.01149033071172978,500,5,2,0.0,0.5,,entropy,0.02,"{'n_estimators': 500, 'min_samples_split': 5, 'min_samples_leaf': 2, 'min_impurity_decrease': 0.0, 'max_features': 0.5, 'max_depth': None, 'criterion': 'entropy', 'ccp_alpha': 0.02}",0.5,0.75,0.3333333333333333,1.0,1.0,0.7166666666666666,0.26666666666666666,1
1.4334666728973389,0.15381305219167765,0.185288143157959,0.004416629713154041,500,10,2,0.0,,10,entropy,0.001,"{'n_estimators': 500, 'min_samples_split': 10, 'min_samples_leaf': 2, 'min_impurity_decrease': 0.0, 'max_features': None, 'max_depth': 10, 'criterion': 'entropy', 'ccp_alpha': 0.001}",0.5,0.75,0.3333333333333333,1.0,0.6666666666666666,0.6499999999999999,0.2260776661041756,16
1.2873342990875245,0.1411154382673607,0.18749752044677734,0.01213328226346139,500,5,10,0.05,log2,3,gini,0.02,"{'n_estimators': 500, 'min_samples_split': 5, 'min_samples_leaf': 10, 'min_impurity_decrease': 0.05, 'max_features': 'log2', 'max_depth': 3, 'criterion': 'gini', 'ccp_alpha': 0.02}",0.5,0.5,0.0,1.0,0.3333333333333333,0.4666666666666667,0.3231786571610886,126
0.5112699031829834,0.015335909935169085,0.11217713356018066,0.03133392403174816,200,2,20,0.01,0.5,3,entropy,0.05,"{'n_estimators': 200, 'min_samples_split': 2, 'min_samples_leaf': 20, 'min_impurity_decrease': 0.01, 'max_features': 0.5, 'max_depth': 3, 'criterion': 'entropy', 'ccp_alpha': 0.05}",1.0,0.0,0.0,0.0,0.0,0.2,0.4000000000000001,154
0.2967258930206299,0.017981161243397898,0.06205205917358399,0.007629492817782071,100,5,10,0.03,sqrt,3,entropy,0.001,"{'n_estimators': 100, 'min_samples_split': 5, 'min_samples_leaf': 10, 'min_impurity_decrease': 0.03, 'max_features': 'sqrt', 'max_depth': 3, 'criterion': 'entropy', 'ccp_alpha': 0.001}",1.0,0.0,0.0,0.0,0.3333333333333333,0.26666666666666666,0.38873012632302006,151
1.3091217041015626,0.12108071171162756,0.19032254219055175,0.011064540131130863,500,10,5,0.0,sqrt,20,entropy,0.001,"{'n_estimators': 500, 'min_samples_split': 10, 'min_samples_leaf': 5, 'min_impurity_decrease': 0.0, 'max_features': 'sqrt', 'max_depth': 20, 'criterion': 'entropy', 'ccp_alpha': 0.001}",0.5,0.75,0.3333333333333333,1.0,0.6666666666666666,0.6499999999999999,0.2260776661041756,16
0.5564553737640381,0.04526840824002393,0.10390214920043946,0.01181337244189476,200,2,2,0.03,,3,gini,0.05,"{'n_estimators': 200, 'min_samples_split': 2, 'min_samples_leaf': 2, 'min_impurity_decrease': 0.03, 'max_features': None, 'max_depth': 3, 'criterion': 'gini', 'ccp_alpha': 0.05}",0.5,0.75,0.3333333333333333,1.0,0.6666666666666666,0.6499999999999999,0.2260776661041756,16
1.4472957611083985,0.11371287327085296,0.19942355155944824,0.016868679151080947,500,10,2,0.03,0.5,,gini,0.01,"{'n_estimators': 500, 'min_samples_split': 10, 'min_samples_leaf': 2, 'min_impurity_decrease': 0.03, 'max_features': 0.5, 'max_depth': None, 'criterion': 'gini', 'ccp_alpha': 0.01}",0.5,0.75,0.3333333333333333,1.0,0.6666666666666666,0.6499999999999999,0.2260776661041756,16
0.37323660850524903,0.0985034695254293,0.08825645446777344,0.02943686615651773,100,10,5,0.0,sqrt,,gini,0.001,"{'n_estimators': 100, 'min_samples_split': 10, 'min_samples_leaf': 5, 'min_impurity_decrease': 0.0, 'max_features': 'sqrt', 'max_depth': None, 'criterion': 'gini', 'ccp_alpha': 0.001}",0.5,0.75,0.3333333333333333,1.0,0.3333333333333333,0.5833333333333333,0.25819888974716115,67
0.5418246746063232,0.01093926106509043,0.10119476318359374,0.0057317709903744445,200,10,2,0.05,0.5,5,gini,0.02,"{'n_estimators': 200, 'min_samples_split': 10, 'min_samples_leaf': 2, 'min_impurity_decrease': 0.05, 'max_features': 0.5, 'max_depth': 5, 'criterion': 'gini', 'ccp_alpha': 0.02}",0.5,0.75,0.3333333333333333,1.0,1.0,0.7166666666666666,0.26666666666666666,1
0.16155781745910644,0.010083195509459582,0.051831531524658206,0.01328116122874046,50,5,5,0.01,log2,5,entropy,0.0,"{'n_estimators': 50, 'min_samples_split': 5, 'min_samples_leaf': 5, 'min_impurity_decrease': 0.01, 'max_features': 'log2', 'max_depth': 5, 'criterion': 'entropy', 'ccp_alpha': 0.0}",0.5,0.75,0.3333333333333333,1.0,0.3333333333333333,0.5833333333333333,0.25819888974716115,67
0.6694121837615967,0.1448679209040656,0.11088943481445312,0.025134737606208338,200,10,10,0.0,sqrt,10,gini,0.05,"{'n_estimators': 200, 'min_samples_split': 10, 'min_samples_leaf': 10, 'min_impurity_decrease': 0.0, 'max_features': 'sqrt', 'max_depth': 10, 'criterion': 'gini', 'ccp_alpha': 0.05}",1.0,0.25,0.0,1.0,0.3333333333333333,0.5166666666666667,0.4096068575814836,118
0.5708873748779297,0.02443771904219168,0.11148242950439453,0.011800696171971279,200,10,20,0.0,log2,3,gini,0.001,"{'n_estimators': 200, 'min_samples_split': 10, 'min_samples_leaf': 20, 'min_impurity_decrease': 0.0, 'max_features': 'log2', 'max_depth': 3, 'criterion': 'gini', 'ccp_alpha': 0.001}",1.0,0.0,0.0,0.0,0.0,0.2,0.4000000000000001,154
0.3184619426727295,0.027651456406206924,0.06026887893676758,0.004242357615549231,100,10,20,0.03,0.5,10,entropy,0.001,"{'n_estimators': 100, 'min_samples_split': 10, 'min_samples_leaf': 20, 'min_impurity_decrease': 0.03, 'max_features': 0.5, 'max_depth': 10, 'criterion': 'entropy', 'ccp_alpha': 0.001}",1.0,0.0,0.0,0.0,0.0,0.2,0.4000000000000001,154
0.565623426437378,0.05215673679841223,0.09999570846557618,0.010134542260452505,200,2,2,0.0,log2,3,entropy,0.02,"{'n_estimators': 200, 'min_samples_split': 2, 'min_samples_leaf': 2, 'min_impurity_decrease': 0.0, 'max_features': 'log2', 'max_depth': 3, 'criterion': 'entropy', 'ccp_alpha': 0.02}",0.5,0.75,0.3333333333333333,1.0,0.3333333333333333,0.5833333333333333,0.25819888974716115,67
0.16256413459777833,0.012909321604120554,0.041931867599487305,0.00620156540240047,50,2,20,0.03,log2,10,gini,0.01,"{'n_estimators': 50, 'min_samples_split': 2, 'min_samples_leaf': 20, 'min_impurity_decrease': 0.03, 'max_features': 'log2', 'max_depth': 10, 'criterion': 'gini', 'ccp_alpha': 0.01}",1.0,0.0,0.0,0.0,0.0,0.2,0.4000000000000001,154
0.632520055770874,0.13768170265984495,0.09916448593139648,0.005735619736987738,200,5,2,0.01,sqrt,20,gini,0.05,"{'n_estimators': 200, 'min_samples_split': 5, 'min_samples_leaf': 2, 'min_impurity_decrease': 0.01, 'max_features': 'sqrt', 'max_depth': 20, 'criterion': 'gini', 'ccp_alpha': 0.05}",0.5,0.75,0.3333333333333333,1.0,0.6666666666666666,0.6499999999999999,0.2260776661041756,16
0.5519177913665771,0.053902093473302666,0.09439711570739746,0.008356750553562652,200,10,20,0.05,0.5,20,entropy,0.0,"{'n_estimators': 200, 'min_samples_split': 10, 'min_samples_leaf': 20, 'min_impurity_decrease': 0.05, 'max_features': 0.5, 'max_depth': 20, 'criterion': 'entropy', 'ccp_alpha': 0.0}",1.0,0.0,0.0,0.0,0.0,0.2,0.4000000000000001,154
0.5737202167510986,0.016414604849365876,0.09970550537109375,0.011560513745832933,200,5,2,0.03,,20,gini,0.02,"{'n_estimators': 200, 'min_samples_split': 5, 'min_samples_leaf': 2, 'min_impurity_decrease': 0.03, 'max_features': None, 'max_depth': 20, 'criterion': 'gini', 'ccp_alpha': 0.02}",0.5,0.75,0.3333333333333333,1.0,0.6666666666666666,0.6499999999999999,0.2260776661041756,16
0.6457647323608399,0.23456370635953855,0.10031189918518066,0.007102721447724197,200,2,5,0.0,sqrt,3,gini,0.0,"{'n_estimators': 200, 'min_samples_split': 2, 'min_samples_leaf': 5, 'min_impurity_decrease': 0.0, 'max_features': 'sqrt', 'max_depth': 3, 'criterion': 'gini', 'ccp_alpha': 0.0}",0.5,0.75,0.3333333333333333,1.0,0.3333333333333333,0.5833333333333333,0.25819888974716115,67
0.6441558837890625,0.0984965087917031,0.10449819564819336,0.010757765868145776,200,2,5,0.0,,20,entropy,0.01,"{'n_estimators': 200, 'min_samples_split': 2, 'min_samples_leaf': 5, 'min_impurity_decrease': 0.0, 'max_features': None, 'max_depth': 20, 'criterion': 'entropy', 'ccp_alpha': 0.01}",0.5,0.75,0.3333333333333333,1.0,0.6666666666666666,0.6499999999999999,0.2260776661041756,16
0.29628934860229494,0.024349223314527522,0.06628684997558594,0.0192462703606117,100,5,20,0.01,,,entropy,0.01,"{'n_estimators': 100, 'min_samples_split': 5, 'min_samples_leaf': 20, 'min_impurity_decrease': 0.01, 'max_features': None, 'max_depth': None, 'criterion': 'entropy', 'ccp_alpha': 0.01}",1.0,0.0,0.0,0.0,0.0,0.2,0.4000000000000001,154
1.3805115699768067,0.10532819013741376,0.20533304214477538,0.02551824980433139,500,5,20,0.05,sqrt,3,gini,0.02,"{'n_estimators': 500, 'min_samples_split': 5, 'min_samples_leaf': 20, 'min_impurity_decrease': 0.05, 'max_features': 'sqrt', 'max_depth': 3, 'criterion': 'gini', 'ccp_alpha': 0.02}",0.0,0.0,0.0,0.0,0.0,0.0,0.0,191
1.3631062507629395,0.1037839517112262,0.2015404224395752,0.027605673201767763,500,10,10,0.03,,,entropy,0.01,"{'n_estimators': 500, 'min_samples_split': 10, 'min_samples_leaf': 10, 'min_impurity_decrease': 0.03, 'max_features': None, 'max_depth': None, 'criterion': 'entropy', 'ccp_alpha': 0.01}",0.5,0.5,0.0,1.0,0.6666666666666666,0.5333333333333333,0.3231786571610886,113
0.34677982330322266,0.059391356659618984,0.0758394718170166,0.012425923591184055,100,10,20,0.01,log2,20,gini,0.01,"{'n_estimators': 100, 'min_samples_split': 10, 'min_samples_leaf': 20, 'min_impurity_decrease': 0.01, 'max_features': 'log2', 'max_depth': 20, 'criterion': 'gini', 'ccp_alpha': 0.01}",1.0,0.0,0.0,0.0,0.0,0.2,0.4000000000000001,154
0.16823215484619142,0.00992399208189681,0.0469296932220459,0.01107114004426849,50,2,20,0.0,sqrt,,entropy,0.001,"{'n_estimators': 50, 'min_samples_split': 2, 'min_samples_leaf': 20, 'min_impurity_decrease': 0.0, 'max_features': 'sqrt', 'max_depth': None, 'criterion': 'entropy', 'ccp_alpha': 0.001}",1.0,0.0,0.0,0.0,0.0,0.2,0.4000000000000001,154
0.5253418445587158,0.009592133603217621,0.10656328201293945,0.00968802633545107,200,2,20,0.0,sqrt,20,entropy,0.0,"{'n_estimators': 200, 'min_samples_split': 2, 'min_samples_leaf': 20, 'min_impurity_decrease': 0.0, 'max_features': 'sqrt', 'max_depth': 20, 'criterion': 'entropy', 'ccp_alpha': 0.0}",1.0,0.0,0.0,0.0,0.0,0.2,0.4000000000000001,154
0.5481427669525146,0.057831147369854535,0.09250540733337402,0.003539899160312126,200,10,20,0.03,,10,gini,0.0,"{'n_estimators': 200, 'min_samples_split': 10, 'min_samples_leaf': 20, 'min_impurity_decrease': 0.03, 'max_features': None, 'max_depth': 10, 'criterion': 'gini', 'ccp_alpha': 0.0}",1.0,0.0,0.0,0.0,0.0,0.2,0.4000000000000001,154
1.2887500762939452,0.03525852655946043,0.19258689880371094,0.007273693875250295,500,10,10,0.0,,,gini,0.05,"{'n_estimators': 500, 'min_samples_split': 10, 'min_samples_leaf': 10, 'min_impurity_decrease': 0.0, 'max_features': None, 'max_depth': None, 'criterion': 'gini', 'ccp_alpha': 0.05}",0.5,0.5,0.0,1.0,0.6666666666666666,0.5333333333333333,0.3231786571610886,113
0.522442102432251,0.015692999746422038,0.0913935661315918,0.007102766989721686,200,10,5,0.01,,5,gini,0.01,"{'n_estimators': 200, 'min_samples_split': 10, 'min_samples_leaf': 5, 'min_impurity_decrease': 0.01, 'max_features': None, 'max_depth': 5, 'criterion': 'gini', 'ccp_alpha': 0.01}",0.5,0.75,0.3333333333333333,1.0,0.6666666666666666,0.6499999999999999,0.2260776661041756,16
0.5902999877929688,0.0967306910098766,0.17502741813659667,0.13685096551983203,200,2,10,0.03,0.5,10,gini,0.001,"{'n_estimators': 200, 'min_samples_split': 2, 'min_samples_leaf': 10, 'min_impurity_decrease': 0.03, 'max_features': 0.5, 'max_depth': 10, 'criterion': 'gini', 'ccp_alpha': 0.001}",1.0,0.5,0.0,1.0,0.3333333333333333,0.5666666666666667,0.38873012632302,110
0.5393078804016114,0.029039330480634673,0.10531935691833497,0.012315773770608126,200,2,2,0.01,sqrt,5,entropy,0.02,"{'n_estimators': 200, 'min_samples_split': 2, 'min_samples_leaf': 2, 'min_impurity_decrease': 0.01, 'max_features': 'sqrt', 'max_depth': 5, 'criterion': 'entropy', 'ccp_alpha': 0.02}",0.5,0.75,0.3333333333333333,1.0,0.6666666666666666,0.6499999999999999,0.2260776661041756,16
1.3509101390838623,0.17235552464058546,0.2093642234802246,0.020198896272412965,500,2,10,0.0,,,entropy,0.01,"{'n_estimators': 500, 'min_samples_split': 2, 'min_samples_leaf': 10, 'min_impurity_decrease': 0.0, 'max_features': None, 'max_depth': None, 'criterion': 'entropy', 'ccp_alpha': 0.01}",0.5,0.5,0.0,1.0,0.6666666666666666,0.5333333333333333,0.3231786571610886,113
0.28840246200561526,0.013578195155509152,0.071433687210083,0.02128848125012182,100,5,2,0.0,log2,20,gini,0.0,"{'n_estimators': 100, 'min_samples_split': 5, 'min_samples_leaf': 2, 'min_impurity_decrease': 0.0, 'max_features': 'log2', 'max_depth': 20, 'criterion': 'gini', 'ccp_alpha': 0.0}",0.5,0.75,0.3333333333333333,1.0,0.3333333333333333,0.5833333333333333,0.25819888974716115,67
1.402254343032837,0.1268700635478655,0.21434669494628905,0.02026649402202981,500,5,20,0.01,sqrt,20,entropy,0.02,"{'n_estimators': 500, 'min_samples_split': 5, 'min_samples_leaf': 20, 'min_impurity_decrease': 0.01, 'max_features': 'sqrt', 'max_depth': 20, 'criterion': 'entropy', 'ccp_alpha': 0.02}",0.0,0.0,0.0,0.0,0.0,0.0,0.0,191
1.3444263458251953,0.11208046011090245,0.23601536750793456,0.044450035621395476,500,10,2,0.05,log2,20,entropy,0.02,"{'n_estimators': 500, 'min_samples_split': 10, 'min_samples_leaf': 2, 'min_impurity_decrease': 0.05, 'max_features': 'log2', 'max_depth': 20, 'criterion': 'entropy', 'ccp_alpha': 0.02}",0.5,0.75,0.3333333333333333,1.0,0.3333333333333333,0.5833333333333333,0.25819888974716115,67
1.1869328975677491,0.06245066482077367,0.1872262477874756,0.009888072853575822,500,2,10,0.05,log2,,gini,0.0,"{'n_estimators': 500, 'min_samples_split': 2, 'min_samples_leaf': 10, 'min_impurity_decrease': 0.05, 'max_features': 'log2', 'max_depth': None, 'criterion': 'gini', 'ccp_alpha': 0.0}",0.5,0.5,0.0,1.0,0.3333333333333333,0.4666666666666667,0.3231786571610886,126
1.4749085903167725,0.3288449452155175,0.22001500129699708,0.03292044274933714,500,5,5,0.0,0.5,20,gini,0.02,"{'n_estimators': 500, 'min_samples_split': 5, 'min_samples_leaf': 5, 'min_impurity_decrease': 0.0, 'max_features': 0.5, 'max_depth': 20, 'criterion': 'gini', 'ccp_alpha': 0.02}",0.5,0.75,0.3333333333333333,1.0,0.6666666666666666,0.6499999999999999,0.2260776661041756,16
0.616133165359497,0.06356265450496859,0.10124006271362304,0.007787097898059822,200,5,20,0.03,sqrt,20,entropy,0.01,"{'n_estimators': 200, 'min_samples_split': 5, 'min_samples_leaf': 20, 'min_impurity_decrease': 0.03, 'max_features': 'sqrt', 'max_depth': 20, 'criterion': 'entropy', 'ccp_alpha': 0.01}",1.0,0.0,0.0,0.0,0.0,0.2,0.4000000000000001,154
1.8523221969604493,0.48290236584536644,0.23289031982421876,0.014738005054999516,500,10,20,0.05,sqrt,20,gini,0.01,"{'n_estimators': 500, 'min_samples_split': 10, 'min_samples_leaf': 20, 'min_impurity_decrease': 0.05, 'max_features': 'sqrt', 'max_depth': 20, 'criterion': 'gini', 'ccp_alpha': 0.01}",0.0,0.0,0.0,0.0,0.0,0.0,0.0,191
0.36092486381530764,0.05850021475080529,0.06670145988464356,0.01173893134182218,100,5,20,0.05,0.5,20,gini,0.02,"{'n_estimators': 100, 'min_samples_split': 5, 'min_samples_leaf': 20, 'min_impurity_decrease': 0.05, 'max_features': 0.5, 'max_depth': 20, 'criterion': 'gini', 'ccp_alpha': 0.02}",1.0,0.0,0.0,0.0,0.0,0.2,0.4000000000000001,154
0.9187589645385742,0.34740243269532933,0.262283182144165,0.19849116560251584,200,5,2,0.01,sqrt,20,gini,0.001,"{'n_estimators': 200, 'min_samples_split': 5, 'min_samples_leaf': 2, 'min_impurity_decrease': 0.01, 'max_features': 'sqrt', 'max_depth': 20, 'criterion': 'gini', 'ccp_alpha': 0.001}",0.5,0.75,0.3333333333333333,1.0,0.6666666666666666,0.6499999999999999,0.2260776661041756,16
1.42103271484375,0.09101423588690476,0.20103554725646972,0.01979626061155061,500,10,2,0.05,sqrt,3,gini,0.01,"{'n_estimators': 500, 'min_samples_split': 10, 'min_samples_leaf': 2, 'min_impurity_decrease': 0.05, 'max_features': 'sqrt', 'max_depth': 3, 'criterion': 'gini', 'ccp_alpha': 0.01}",0.5,0.75,0.3333333333333333,1.0,0.3333333333333333,0.5833333333333333,0.25819888974716115,67
0.16724953651428223,0.015514856053983422,0.04261021614074707,0.004262870900249812,50,5,20,0.01,log2,20,entropy,0.01,"{'n_estimators': 50, 'min_samples_split': 5, 'min_samples_leaf': 20, 'min_impurity_decrease': 0.01, 'max_features': 'log2', 'max_depth': 20, 'criterion': 'entropy', 'ccp_alpha': 0.01}",1.0,0.0,0.0,0.0,0.0,0.2,0.4000000000000001,154
0.1807629108428955,0.007524063343301611,0.0470888614654541,0.006960075268572583,50,5,5,0.05,0.5,3,gini,0.02,"{'n_estimators': 50, 'min_samples_split': 5, 'min_samples_leaf': 5, 'min_impurity_decrease': 0.05, 'max_features': 0.5, 'max_depth': 3, 'criterion': 'gini', 'ccp_alpha': 0.02}",0.5,0.75,0.3333333333333333,1.0,0.6666666666666666,0.6499999999999999,0.2260776661041756,16
0.1695185661315918,0.011141189713627176,0.04724969863891602,0.006634894669485986,50,10,10,0.03,,,entropy,0.02,"{'n_estimators': 50, 'min_samples_split': 10, 'min_samples_leaf': 10, 'min_impurity_decrease': 0.03, 'max_features': None, 'max_depth': None, 'criterion': 'entropy', 'ccp_alpha': 0.02}",1.0,0.0,0.3333333333333333,0.0,0.6666666666666666,0.4,0.38873012632302006,140
0.5871138572692871,0.04764756823921918,0.12020263671875,0.01662942567325484,200,10,2,0.05,log2,5,gini,0.0,"{'n_estimators': 200, 'min_samples_split': 10, 'min_samples_leaf': 2, 'min_impurity_decrease': 0.05, 'max_features': 'log2', 'max_depth': 5, 'criterion': 'gini', 'ccp_alpha': 0.0}",0.5,0.75,0.3333333333333333,1.0,0.3333333333333333,0.5833333333333333,0.25819888974716115,67
0.18028459548950196,0.029656011943799864,0.05671544075012207,0.01101889704437195,50,10,2,0.01,0.5,20,entropy,0.0,"{'n_estimators': 50, 'min_samples_split': 10, 'min_samples_leaf': 2, 'min_impurity_decrease': 0.01, 'max_features': 0.5, 'max_depth': 20, 'criterion': 'entropy', 'ccp_alpha': 0.0}",0.5,0.75,0.3333333333333333,1.0,0.3333333333333333,0.5833333333333333,0.25819888974716115,67
1.5120957374572754,0.2503294115978467,0.22425365447998047,0.028010087652551093,500,10,10,0.05,sqrt,3,entropy,0.02,"{'n_estimators': 500, 'min_samples_split': 10, 'min_samples_leaf': 10, 'min_impurity_decrease': 0.05, 'max_features': 'sqrt', 'max_depth': 3, 'criterion': 'entropy', 'ccp_alpha': 0.02}",0.5,0.25,0.0,1.0,0.3333333333333333,0.4166666666666667,0.3333333333333333,134
0.7006603240966797,0.09651695704028779,0.13835268020629882,0.054078833765449294,200,5,5,0.01,sqrt,10,gini,0.001,"{'n_estimators': 200, 'min_samples_split': 5, 'min_samples_leaf': 5, 'min_impurity_decrease': 0.01, 'max_features': 'sqrt', 'max_depth': 10, 'criterion': 'gini', 'ccp_alpha': 0.001}",0.5,0.75,0.3333333333333333,1.0,0.3333333333333333,0.5833333333333333,0.25819888974716115,67
1.4200614929199218,0.16958051377827568,0.209755802154541,0.015081246201544562,500,10,5,0.01,log2,20,entropy,0.01,"{'n_estimators': 500, 'min_samples_split': 10, 'min_samples_leaf': 5, 'min_impurity_decrease': 0.01, 'max_features': 'log2', 'max_depth': 20, 'criterion': 'entropy', 'ccp_alpha': 0.01}",0.5,0.75,0.3333333333333333,1.0,0.6666666666666666,0.6499999999999999,0.2260776661041756,16
0.5814364910125732,0.023603121425241003,0.10003447532653809,0.006025611565803629,200,10,2,0.05,,10,entropy,0.0,"{'n_estimators': 200, 'min_samples_split': 10, 'min_samples_leaf': 2, 'min_impurity_decrease': 0.05, 'max_features': None, 'max_depth': 10, 'criterion': 'entropy', 'ccp_alpha': 0.0}",0.5,0.75,0.3333333333333333,1.0,0.6666666666666666,0.6499999999999999,0.2260776661041756,16
0.17974371910095216,0.017383988838201428,0.0878683090209961,0.06138410360551379,50,5,20,0.03,,20,entropy,0.02,"{'n_estimators': 50, 'min_samples_split': 5, 'min_samples_leaf': 20, 'min_impurity_decrease': 0.03, 'max_features': None, 'max_depth': 20, 'criterion': 'entropy', 'ccp_alpha': 0.02}",1.0,0.0,0.0,0.0,0.0,0.2,0.4000000000000001,154
0.1659783363342285,0.017891521387915766,0.04949102401733398,0.006913835174536988,50,5,2,0.03,0.5,,gini,0.0,"{'n_estimators': 50, 'min_samples_split': 5, 'min_samples_leaf': 2, 'min_impurity_decrease': 0.03, 'max_features': 0.5, 'max_depth': None, 'criterion': 'gini', 'ccp_alpha': 0.0}",0.5,0.75,0.3333333333333333,1.0,1.0,0.7166666666666666,0.26666666666666666,1
0.180470609664917,0.01649224609732634,0.05282144546508789,0.006372488840829466,50,2,2,0.03,log2,5,gini,0.05,"{'n_estimators': 50, 'min_samples_split': 2, 'min_samples_leaf': 2, 'min_impurity_decrease': 0.03, 'max_features': 'log2', 'max_depth': 5, 'criterion': 'gini', 'ccp_alpha': 0.05}",0.5,0.75,0.3333333333333333,1.0,0.3333333333333333,0.5833333333333333,0.25819888974716115,67
0.6354161262512207,0.17875969051118565,0.09822640419006348,0.006098027208426816,200,5,5,0.03,sqrt,10,gini,0.05,"{'n_estimators': 200, 'min_samples_split': 5, 'min_samples_leaf': 5, 'min_impurity_decrease': 0.03, 'max_features': 'sqrt', 'max_depth': 10, 'criterion': 'gini', 'ccp_alpha': 0.05}",0.5,0.75,0.3333333333333333,1.0,0.3333333333333333,0.5833333333333333,0.25819888974716115,67
0.33193535804748536,0.07690268056371126,0.06430902481079101,0.005144053884139563,100,10,2,0.03,log2,10,entropy,0.001,"{'n_estimators': 100, 'min_samples_split': 10, 'min_samples_leaf': 2, 'min_impurity_decrease': 0.03, 'max_features': 'log2', 'max_depth': 10, 'criterion': 'entropy', 'ccp_alpha': 0.001}",0.5,0.75,0.3333333333333333,1.0,0.3333333333333333,0.5833333333333333,0.25819888974716115,67
1.3146931648254394,0.13190041284176396,0.19263844490051268,0.01672159493102131,500,2,20,0.01,0.5,3,gini,0.0,"{'n_estimators': 500, 'min_samples_split': 2, 'min_samples_leaf': 20, 'min_impurity_decrease': 0.01, 'max_features': 0.5, 'max_depth': 3, 'criterion': 'gini', 'ccp_alpha': 0.0}",0.0,0.0,0.0,0.0,0.0,0.0,0.0,191
0.7701236724853515,0.2132944227640954,0.12061557769775391,0.025022794647124553,200,2,5,0.0,sqrt,3,entropy,0.05,"{'n_estimators': 200, 'min_samples_split': 2, 'min_samples_leaf': 5, 'min_impurity_decrease': 0.0, 'max_features': 'sqrt', 'max_depth': 3, 'criterion': 'entropy', 'ccp_alpha': 0.05}",0.5,0.75,0.3333333333333333,1.0,0.6666666666666666,0.6499999999999999,0.2260776661041756,16
0.7126767635345459,0.19012571423949257,0.1340348720550537,0.05889838015591286,200,2,10,0.03,sqrt,3,gini,0.001,"{'n_estimators': 200, 'min_samples_split': 2, 'min_samples_leaf': 10, 'min_impurity_decrease': 0.03, 'max_features': 'sqrt', 'max_depth': 3, 'criterion': 'gini', 'ccp_alpha': 0.001}",1.0,0.25,0.0,1.0,0.3333333333333333,0.5166666666666667,0.4096068575814836,118
0.3428776741027832,0.06032131719158235,0.0715712070465088,0.009992398561770168,100,2,20,0.05,sqrt,5,entropy,0.02,"{'n_estimators': 100, 'min_samples_split': 2, 'min_samples_leaf': 20, 'min_impurity_decrease': 0.05, 'max_features': 'sqrt', 'max_depth': 5, 'criterion': 'entropy', 'ccp_alpha': 0.02}",1.0,0.0,0.0,0.0,0.0,0.2,0.4000000000000001,154
1.383703851699829,0.05083677425826579,0.21326994895935059,0.0134722883476898,500,2,5,0.05,sqrt,,entropy,0.02,"{'n_estimators': 500, 'min_samples_split': 2, 'min_samples_leaf': 5, 'min_impurity_decrease': 0.05, 'max_features': 'sqrt', 'max_depth': None, 'criterion': 'entropy', 'ccp_alpha': 0.02}",0.5,0.75,0.3333333333333333,1.0,0.6666666666666666,0.6499999999999999,0.2260776661041756,16
0.19155364036560057,0.07293837975899062,0.052012157440185544,0.009929887621324532,50,5,20,0.0,sqrt,,gini,0.0,"{'n_estimators': 50, 'min_samples_split': 5, 'min_samples_leaf': 20, 'min_impurity_decrease': 0.0, 'max_features': 'sqrt', 'max_depth': None, 'criterion': 'gini', 'ccp_alpha': 0.0}",1.0,0.0,0.0,0.0,0.0,0.2,0.4000000000000001,154
1.5610658168792724,0.1325140387557468,0.26892995834350586,0.11477143731082372,500,10,2,0.0,,20,gini,0.01,"{'n_estimators': 500, 'min_samples_split': 10, 'min_samples_leaf': 2, 'min_impurity_decrease': 0.0, 'max_features': None, 'max_depth': 20, 'criterion': 'gini', 'ccp_alpha': 0.01}",0.5,0.75,0.3333333333333333,1.0,0.6666666666666666,0.6499999999999999,0.2260776661041756,16
0.631601095199585,0.11439184540091933,0.09809203147888183,0.014127915506912066,200,10,10,0.03,,5,gini,0.02,"{'n_estimators': 200, 'min_samples_split': 10, 'min_samples_leaf': 10, 'min_impurity_decrease': 0.03, 'max_features': None, 'max_depth': 5, 'criterion': 'gini', 'ccp_alpha': 0.02}",0.75,0.75,0.0,1.0,0.6666666666666666,0.6333333333333333,0.3358240279934981,64
0.15808429718017578,0.0034768298618877793,0.04420781135559082,0.006463205328782679,50,2,2,0.01,0.5,3,gini,0.02,"{'n_estimators': 50, 'min_samples_split': 2, 'min_samples_leaf': 2, 'min_impurity_decrease': 0.01, 'max_features': 0.5, 'max_depth': 3, 'criterion': 'gini', 'ccp_alpha': 0.02}",0.5,0.75,0.3333333333333333,1.0,1.0,0.7166666666666666,0.26666666666666666,1
0.1585916042327881,0.00641426008506491,0.043158769607543945,0.005008092985493115,50,5,2,0.03,,10,gini,0.0,"{'n_estimators': 50, 'min_samples_split': 5, 'min_samples_leaf': 2, 'min_impurity_decrease': 0.03, 'max_features': None, 'max_depth': 10, 'criterion': 'gini', 'ccp_alpha': 0.0}",0.5,0.75,0.3333333333333333,1.0,0.3333333333333333,0.5833333333333333,0.25819888974716115,67
0.22350721359252929,0.07754838624207923,0.0489227294921875,0.01043901847303775,50,5,5,0.03,,5,entropy,0.01,"{'n_estimators': 50, 'min_samples_split': 5, 'min_samples_leaf': 5, 'min_impurity_decrease': 0.03, 'max_features': None, 'max_depth': 5, 'criterion': 'entropy', 'ccp_alpha': 0.01}",0.5,0.75,0.3333333333333333,1.0,1.0,0.7166666666666666,0.26666666666666666,1
0.23478999137878417,0.1074141951332479,0.05695524215698242,0.01956251362947192,50,10,10,0.01,,5,entropy,0.02,"{'n_estimators': 50, 'min_samples_split': 10, 'min_samples_leaf': 10, 'min_impurity_decrease': 0.01, 'max_features': None, 'max_depth': 5, 'criterion': 'entropy', 'ccp_alpha': 0.02}",1.0,0.0,0.3333333333333333,0.0,0.6666666666666666,0.4,0.38873012632302006,140
0.16965947151184083,0.0070672487514591015,0.05271754264831543,0.015353568098836482,50,2,2,0.01,0.5,,gini,0.02,"{'n_estimators': 50, 'min_samples_split': 2, 'min_samples_leaf': 2, 'min_impurity_decrease': 0.01, 'max_features': 0.5, 'max_depth': None, 'criterion': 'gini', 'ccp_alpha': 0.02}",0.5,0.75,0.3333333333333333,1.0,1.0,0.7166666666666666,0.26666666666666666,1
0.3034690856933594,0.01686007058503061,0.06573762893676757,0.007371001029017653,100,5,5,0.01,sqrt,10,entropy,0.02,"{'n_estimators': 100, 'min_samples_split': 5, 'min_samples_leaf': 5, 'min_impurity_decrease': 0.01, 'max_features': 'sqrt', 'max_depth': 10, 'criterion': 'entropy', 'ccp_alpha': 0.02}",0.5,0.75,0.3333333333333333,1.0,0.3333333333333333,0.5833333333333333,0.25819888974716115,67
0.3155215740203857,0.01667143418840228,0.06242690086364746,0.006046823177312123,100,5,5,0.01,0.5,20,entropy,0.05,"{'n_estimators': 100, 'min_samples_split': 5, 'min_samples_leaf': 5, 'min_impurity_decrease': 0.01, 'max_features': 0.5, 'max_depth': 20, 'criterion': 'entropy', 'ccp_alpha': 0.05}",0.5,0.75,0.3333333333333333,1.0,0.6666666666666666,0.6499999999999999,0.2260776661041756,16
0.5580787658691406,0.05045142850936173,0.11277432441711426,0.022818768536906817,200,2,20,0.01,,5,gini,0.0,"{'n_estimators': 200, 'min_samples_split': 2, 'min_samples_leaf': 20, 'min_impurity_decrease': 0.01, 'max_features': None, 'max_depth': 5, 'criterion': 'gini', 'ccp_alpha': 0.0}",1.0,0.0,0.0,0.0,0.0,0.2,0.4000000000000001,154
0.20109453201293945,0.06837313895989389,0.0747875690460205,0.043685127135623184,50,10,5,0.05,0.5,5,gini,0.02,"{'n_estimators': 50, 'min_samples_split': 10, 'min_samples_leaf': 5, 'min_impurity_decrease': 0.05, 'max_features': 0.5, 'max_depth': 5, 'criterion': 'gini', 'ccp_alpha': 0.02}",0.5,0.75,0.3333333333333333,1.0,0.6666666666666666,0.6499999999999999,0.2260776661041756,16
0.1524502754211426,0.004427295826484829,0.04315094947814942,0.006056161337250076,50,2,2,0.03,log2,,entropy,0.0,"{'n_estimators': 50, 'min_samples_split': 2, 'min_samples_leaf': 2, 'min_impurity_decrease': 0.03, 'max_features': 'log2', 'max_depth': None, 'criterion': 'entropy', 'ccp_alpha': 0.0}",0.5,0.75,0.3333333333333333,1.0,0.6666666666666666,0.6499999999999999,0.2260776661041756,16
0.18823013305664063,0.048470480243053206,0.044309568405151364,0.003929590934065802,50,5,2,0.01,,20,entropy,0.01,"{'n_estimators': 50, 'min_samples_split': 5, 'min_samples_leaf': 2, 'min_impurity_decrease': 0.01, 'max_features': None, 'max_depth': 20, 'criterion': 'entropy', 'ccp_alpha': 0.01}",0.5,0.75,0.3333333333333333,1.0,0.6666666666666666,0.6499999999999999,0.2260776661041756,16
0.35260486602783203,0.05891738775528871,0.06541681289672852,0.008598169526937142,100,5,2,0.0,sqrt,,gini,0.02,"{'n_estimators': 100, 'min_samples_split': 5, 'min_samples_leaf': 2, 'min_impurity_decrease': 0.0, 'max_features': 'sqrt', 'max_depth': None, 'criterion': 'gini', 'ccp_alpha': 0.02}",0.5,0.75,0.3333333333333333,1.0,0.6666666666666666,0.6499999999999999,0.2260776661041756,16
1.3698185443878175,0.13545570081572453,0.19189438819885254,0.012836474393297624,500,5,10,0.0,log2,20,entropy,0.01,"{'n_estimators': 500, 'min_samples_split': 5, 'min_samples_leaf': 10, 'min_impurity_decrease': 0.0, 'max_features': 'log2', 'max_depth': 20, 'criterion': 'entropy', 'ccp_alpha': 0.01}",0.5,0.5,0.0,1.0,0.3333333333333333,0.4666666666666667,0.3231786571610886,126
1.2769977569580078,0.1107881195255775,0.20575227737426757,0.016823221220275762,500,10,10,0.03,sqrt,5,entropy,0.0,"{'n_estimators': 500, 'min_samples_split': 10, 'min_samples_leaf': 10, 'min_impurity_decrease': 0.03, 'max_features': 'sqrt', 'max_depth': 5, 'criterion': 'entropy', 'ccp_alpha': 0.0}",0.5,0.25,0.0,1.0,0.3333333333333333,0.4166666666666667,0.3333333333333333,134
0.6094018936157226,0.03439073942378873,0.15031795501708983,0.04758977707035081,200,5,20,0.03,0.5,10,gini,0.05,"{'n_estimators': 200, 'min_samples_split': 5, 'min_samples_leaf': 20, 'min_impurity_decrease': 0.03, 'max_features': 0.5, 'max_depth': 10, 'criterion': 'gini', 'ccp_alpha': 0.05}",1.0,0.0,0.0,0.0,0.0,0.2,0.4000000000000001,154
0.22268261909484863,0.06597603183262284,0.06690502166748047,0.03028966803937674,50,5,5,0.0,log2,5,entropy,0.001,"{'n_estimators': 50, 'min_samples_split': 5, 'min_samples_leaf': 5, 'min_impurity_decrease': 0.0, 'max_features': 'log2', 'max_depth': 5, 'criterion': 'entropy', 'ccp_alpha': 0.001}",0.5,0.75,0.3333333333333333,1.0,0.3333333333333333,0.5833333333333333,0.25819888974716115,67
0.5245330810546875,0.026432159458625863,0.10126476287841797,0.008286924998960908,200,10,20,0.05,0.5,10,gini,0.02,"{'n_estimators': 200, 'min_samples_split': 10, 'min_samples_leaf': 20, 'min_impurity_decrease': 0.05, 'max_features': 0.5, 'max_depth': 10, 'criterion': 'gini', 'ccp_alpha': 0.02}",1.0,0.0,0.0,0.0,0.0,0.2,0.4000000000000001,154
0.3576390743255615,0.11386062606779528,0.09614682197570801,0.045904923156601586,100,5,2,0.03,sqrt,20,entropy,0.05,"{'n_estimators': 100, 'min_samples_split': 5, 'min_samples_leaf': 2, 'min_impurity_decrease': 0.03, 'max_features': 'sqrt', 'max_depth': 20, 'criterion': 'entropy', 'ccp_alpha': 0.05}",0.5,0.75,0.3333333333333333,1.0,0.3333333333333333,0.5833333333333333,0.25819888974716115,67
1.2714212894439698,0.049147085108042166,0.19990930557250977,0.01626605889630054,500,10,5,0.0,,20,gini,0.0,"{'n_estimators': 500, 'min_samples_split': 10, 'min_samples_leaf': 5, 'min_impurity_decrease': 0.0, 'max_features': None, 'max_depth': 20, 'criterion': 'gini', 'ccp_alpha': 0.0}",0.5,0.75,0.3333333333333333,1.0,0.6666666666666666,0.6499999999999999,0.2260776661041756,16
0.2958083629608154,0.01673119914055052,0.07047553062438965,0.015361819528478227,100,5,2,0.0,sqrt,3,gini,0.0,"{'n_estimators': 100, 'min_samples_split': 5, 'min_samples_leaf': 2, 'min_impurity_decrease': 0.0, 'max_features': 'sqrt', 'max_depth': 3, 'criterion': 'gini', 'ccp_alpha': 0.0}",0.5,0.75,0.3333333333333333,1.0,0.6666666666666666,0.6499999999999999,0.2260776661041756,16
0.29683456420898435,0.017964346405292295,0.07788872718811035,0.03488575566839487,100,2,20,0.01,log2,3,gini,0.02,"{'n_estimators': 100, 'min_samples_split': 2, 'min_samples_leaf': 20, 'min_impurity_decrease': 0.01, 'max_features': 'log2', 'max_depth': 3, 'criterion': 'gini', 'ccp_alpha': 0.02}",1.0,0.0,0.0,0.0,0.0,0.2,0.4000000000000001,154
0.538025188446045,0.023725576053069963,0.10977535247802735,0.006206447254631546,200,5,20,0.03,,3,entropy,0.05,"{'n_estimators': 200, 'min_samples_split': 5, 'min_samples_leaf': 20, 'min_impurity_decrease': 0.03, 'max_features': None, 'max_depth': 3, 'criterion': 'entropy', 'ccp_alpha': 0.05}",1.0,0.0,0.0,0.0,0.0,0.2,0.4000000000000001,154
1.274450159072876,0.04356698944906962,0.2015472412109375,0.010332437736077602,500,2,5,0.03,log2,,entropy,0.001,"{'n_estimators': 500, 'min_samples_split': 2, 'min_samples_leaf': 5, 'min_impurity_decrease': 0.03, 'max_features': 'log2', 'max_depth': None, 'criterion': 'entropy', 'ccp_alpha': 0.001}",0.5,0.75,0.3333333333333333,1.0,0.3333333333333333,0.5833333333333333,0.25819888974716115,67
1.2918256759643554,0.053829628881799305,0.18296170234680176,0.006967066608899079,500,2,5,0.0,log2,,entropy,0.01,"{'n_estimators': 500, 'min_samples_split': 2, 'min_samples_leaf': 5, 'min_impurity_decrease': 0.0, 'max_features': 'log2', 'max_depth': None, 'criterion': 'entropy', 'ccp_alpha': 0.01}",0.5,0.75,0.3333333333333333,1.0,0.6666666666666666,0.6499999999999999,0.2260776661041756,16
0.16257643699645996,0.011635206584707384,0.047860002517700194,0.005068907100479665,50,10,10,0.0,0.5,10,gini,0.02,"{'n_estimators': 50, 'min_samples_split': 10, 'min_samples_leaf': 10, 'min_impurity_decrease': 0.0, 'max_features': 0.5, 'max_depth': 10, 'criterion': 'gini', 'ccp_alpha': 0.02}",1.0,0.0,0.0,0.0,0.6666666666666666,0.3333333333333333,0.42163702135578396,146
0.17007336616516114,0.010893531743235893,0.046450328826904294,0.004823303493715011,50,10,2,0.0,sqrt,5,entropy,0.02,"{'n_estimators': 50, 'min_samples_split': 10, 'min_samples_leaf': 2, 'min_impurity_decrease': 0.0, 'max_features': 'sqrt', 'max_depth': 5, 'criterion': 'entropy', 'ccp_alpha': 0.02}",0.5,0.75,0.3333333333333333,1.0,0.3333333333333333,0.5833333333333333,0.25819888974716115,67
0.7174465656280518,0.17591424928421404,0.12045068740844726,0.00826150577978439,200,2,10,0.03,0.5,5,entropy,0.01,"{'n_estimators': 200, 'min_samples_split': 2, 'min_samples_leaf': 10, 'min_impurity_decrease': 0.03, 'max_features': 0.5, 'max_depth': 5, 'criterion': 'entropy', 'ccp_alpha': 0.01}",1.0,0.5,0.0,1.0,0.3333333333333333,0.5666666666666667,0.38873012632302,110
0.1823934555053711,0.015372525010409534,0.05534238815307617,0.013083158515405572,50,2,5,0.05,sqrt,3,gini,0.01,"{'n_estimators': 50, 'min_samples_split': 2, 'min_samples_leaf': 5, 'min_impurity_decrease': 0.05, 'max_features': 'sqrt', 'max_depth': 3, 'criterion': 'gini', 'ccp_alpha': 0.01}",0.5,0.75,0.0,1.0,0.3333333333333333,0.5166666666666667,0.34318767136623335,118
0.6737829685211182,0.13625968413584094,0.133278226852417,0.04010548080254524,200,5,5,0.01,sqrt,,gini,0.02,"{'n_estimators': 200, 'min_samples_split': 5, 'min_samples_leaf': 5, 'min_impurity_decrease': 0.01, 'max_features': 'sqrt', 'max_depth': None, 'criterion': 'gini', 'ccp_alpha': 0.02}",0.5,0.75,0.3333333333333333,1.0,0.3333333333333333,0.5833333333333333,0.25819888974716115,67
1.4116381645202636,0.10068836303278517,0.276822566986084,0.07581457150972187,500,2,10,0.03,log2,20,gini,0.0,"{'n_estimators': 500, 'min_samples_split': 2, 'min_samples_leaf': 10, 'min_impurity_decrease': 0.03, 'max_features': 'log2', 'max_depth': 20, 'criterion': 'gini', 'ccp_alpha': 0.0}",0.5,0.5,0.0,1.0,0.3333333333333333,0.4666666666666667,0.3231786571610886,126
0.6078472137451172,0.11990501388038964,0.1785876750946045,0.15877381953939998,200,5,5,0.0,log2,20,entropy,0.0,"{'n_estimators': 200, 'min_samples_split': 5, 'min_samples_leaf': 5, 'min_impurity_decrease': 0.0, 'max_features': 'log2', 'max_depth': 20, 'criterion': 'entropy', 'ccp_alpha': 0.0}",0.5,0.75,0.3333333333333333,1.0,0.3333333333333333,0.5833333333333333,0.25819888974716115,67
0.6900527000427246,0.03131907575239489,0.10788416862487793,0.020447268336120313,200,2,2,0.0,sqrt,3,entropy,0.05,"{'n_estimators': 200, 'min_samples_split': 2, 'min_samples_leaf': 2, 'min_impurity_decrease': 0.0, 'max_features': 'sqrt', 'max_depth': 3, 'criterion': 'entropy', 'ccp_alpha': 0.05}",0.5,0.75,0.3333333333333333,1.0,0.6666666666666666,0.6499999999999999,0.2260776661041756,16
0.5592965602874755,0.026594195454203714,0.10724420547485351,0.008129034509293403,200,2,5,0.01,sqrt,,entropy,0.02,"{'n_estimators': 200, 'min_samples_split': 2, 'min_samples_leaf': 5, 'min_impurity_decrease': 0.01, 'max_features': 'sqrt', 'max_depth': None, 'criterion': 'entropy', 'ccp_alpha': 0.02}",0.5,0.75,0.3333333333333333,1.0,0.6666666666666666,0.6499999999999999,0.2260776661041756,16
1.3930137634277344,0.15228233143559847,0.19668984413146973,0.017902487884999603,500,10,10,0.01,0.5,,gini,0.001,"{'n_estimators': 500, 'min_samples_split': 10, 'min_samples_leaf': 10, 'min_impurity_decrease': 0.01, 'max_features': 0.5, 'max_depth': None, 'criterion': 'gini', 'ccp_alpha': 0.001}",0.5,0.25,0.0,1.0,0.3333333333333333,0.4166666666666667,0.3333333333333333,134
1.1748832702636718,0.02440152022992135,0.1909656524658203,0.008529964573218078,500,5,10,0.0,0.5,20,gini,0.0,"{'n_estimators': 500, 'min_samples_split': 5, 'min_samples_leaf': 10, 'min_impurity_decrease': 0.0, 'max_features': 0.5, 'max_depth': 20, 'criterion': 'gini', 'ccp_alpha': 0.0}",0.5,0.25,0.0,1.0,0.3333333333333333,0.4166666666666667,0.3333333333333333,134
0.5510691165924072,0.05216745248374851,0.10881023406982422,0.02034930519700956,200,5,2,0.0,sqrt,10,gini,0.0,"{'n_estimators': 200, 'min_samples_split': 5, 'min_samples_leaf': 2, 'min_impurity_decrease': 0.0, 'max_features': 'sqrt', 'max_depth': 10, 'criterion': 'gini', 'ccp_alpha': 0.0}",0.5,0.75,0.3333333333333333,1.0,0.6666666666666666,0.6499999999999999,0.2260776661041756,16
1.500027847290039,0.40357440112105636,0.23012666702270507,0.06330188533246175,500,10,10,0.05,log2,20,gini,0.01,"{'n_estimators': 500, 'min_samples_split': 10, 'min_samples_leaf': 10, 'min_impurity_decrease': 0.05, 'max_features': 'log2', 'max_depth': 20, 'criterion': 'gini', 'ccp_alpha': 0.01}",0.5,0.5,0.0,1.0,0.3333333333333333,0.4666666666666667,0.3231786571610886,126
0.29165019989013674,0.1175156850772364,0.049279069900512694,0.008708394809786654,50,5,20,0.0,sqrt,5,gini,0.001,"{'n_estimators': 50, 'min_samples_split': 5, 'min_samples_leaf': 20, 'min_impurity_decrease': 0.0, 'max_features': 'sqrt', 'max_depth': 5, 'criterion': 'gini', 'ccp_alpha': 0.001}",1.0,0.0,0.0,0.0,0.0,0.2,0.4000000000000001,154
0.23570027351379394,0.04760546915636652,0.05593318939208984,0.020897628354329307,50,5,5,0.05,,3,entropy,0.01,"{'n_estimators': 50, 'min_samples_split': 5, 'min_samples_leaf': 5, 'min_impurity_decrease': 0.05, 'max_features': None, 'max_depth': 3, 'criterion': 'entropy', 'ccp_alpha': 0.01}",0.5,0.75,0.3333333333333333,1.0,1.0,0.7166666666666666,0.26666666666666666,1
1.79234619140625,0.26679291203350797,0.2718514442443848,0.08929368213582552,500,5,2,0.03,0.5,20,gini,0.01,"{'n_estimators': 500, 'min_samples_split': 5, 'min_samples_leaf': 2, 'min_impurity_decrease': 0.03, 'max_features': 0.5, 'max_depth': 20, 'criterion': 'gini', 'ccp_alpha': 0.01}",0.5,0.75,0.3333333333333333,1.0,1.0,0.7166666666666666,0.26666666666666666,1
1.5411937713623047,0.4318918833151953,0.26422982215881347,0.07512435818412935,500,10,20,0.05,sqrt,10,entropy,0.0,"{'n_estimators': 500, 'min_samples_split': 10, 'min_samples_leaf': 20, 'min_impurity_decrease': 0.05, 'max_features': 'sqrt', 'max_depth': 10, 'criterion': 'entropy', 'ccp_alpha': 0.0}",0.0,0.0,0.0,0.0,0.0,0.0,0.0,191
0.6814589500427246,0.17782471675242947,0.11231751441955566,0.01811890883415864,200,2,20,0.0,,3,gini,0.02,"{'n_estimators': 200, 'min_samples_split': 2, 'min_samples_leaf': 20, 'min_impurity_decrease': 0.0, 'max_features': None, 'max_depth': 3, 'criterion': 'gini', 'ccp_alpha': 0.02}",1.0,0.0,0.0,0.0,0.0,0.2,0.4000000000000001,154
0.3058008670806885,0.021339750009958542,0.07128524780273438,0.01198835459069343,100,5,5,0.0,0.5,3,entropy,0.05,"{'n_estimators': 100, 'min_samples_split': 5, 'min_samples_leaf': 5, 'min_impurity_decrease': 0.0, 'max_features': 0.5, 'max_depth': 3, 'criterion': 'entropy', 'ccp_alpha': 0.05}",0.5,0.75,0.3333333333333333,1.0,0.6666666666666666,0.6499999999999999,0.2260776661041756,16
1.459714984893799,0.11753323307995052,0.24340953826904296,0.06842217007649905,500,10,5,0.05,sqrt,,gini,0.001,"{'n_estimators': 500, 'min_samples_split': 10, 'min_samples_leaf': 5, 'min_impurity_decrease': 0.05, 'max_features': 'sqrt', 'max_depth': None, 'criterion': 'gini', 'ccp_alpha': 0.001}",0.5,0.75,0.3333333333333333,1.0,0.6666666666666666,0.6499999999999999,0.2260776661041756,16
0.16498150825500488,0.011523633505231895,0.04095745086669922,0.0032434720916309813,50,5,5,0.01,0.5,20,entropy,0.05,"{'n_estimators': 50, 'min_samples_split': 5, 'min_samples_leaf': 5, 'min_impurity_decrease': 0.01, 'max_features': 0.5, 'max_depth': 20, 'criterion': 'entropy', 'ccp_alpha': 0.05}",0.5,0.75,0.3333333333333333,1.0,0.6666666666666666,0.6499999999999999,0.2260776661041756,16
0.6295033454895019,0.11323395436797427,0.11314878463745118,0.028656545988290667,200,2,10,0.01,sqrt,10,gini,0.0,"{'n_estimators': 200, 'min_samples_split': 2, 'min_samples_leaf': 10, 'min_impurity_decrease': 0.01, 'max_features': 'sqrt', 'max_depth': 10, 'criterion': 'gini', 'ccp_alpha': 0.0}",1.0,0.25,0.0,1.0,0.3333333333333333,0.5166666666666667,0.4096068575814836,118
